Flow Rate (mL min-1),Residence Time (s),Hydrodynamic Residence Time (s),Bodenstein Number (1)
3.3,272.0214527408931,363.6363636363637,0.5644531249999996
5.0,174.0465196592637,240.00000000000006,1.13330078125
10.0,119.287661635331,120.00000000000003,0.5342773437499996
20.0,80.91131832909818,60.000000000000014,0.5764648437499996
40.0,73.20705701880567,30.000000000000007,0.4431640624999995
